texto,flujo
"Qu√© gusto saludarte üòÅ Soy tu asistente virtual de Liverpool.\n\nConoce nuestro aviso de privacidad: https://bit.ly/2QRXmxE\n\nTe invitamos a nuestra *Venta Nocturna de Mam√°s*  del 28 al 30 de abril en liverpool.com.mx, Liverpool pocket, Ventas por tel√©fono y en todos los almacenes Liverpool.\n\nDisfruta hasta 30% de descuento directo y paga en julio 2023\n\nTe puedo ayudar con lo siguiente"
"Claro! Ahora puedes solicitar tu Tarjeta Liverpool Departamental o Liverpool Visa. ¬øCuentas con historial crediticio?"
"Gracias, para continuar, por favor ingresa a Liverpool Pocket y sigue los siguientes pasos: 1Ô∏è‚É£ Inicia sesi√≥n o crea una cuenta. 2Ô∏è‚É£ Ve a *Mi Cr√©dito* y da click en *Solicita tu tarjeta*. 3Ô∏è‚É£ Llena la solicitud (No te tomar√° m√°s de 5 minutos). 4Ô∏è‚É£Recibe al instante la respuesta a tu solicitud. Da click aqu√≠ https://bit.ly/3zh0Cql ¬°Gracias por dejarnos ser parte de tu vida!"
"Ahora te comunico con un asesor"
"Te invitamos a realizar tu factura Liverpool dando clic aqu√≠:https://facturacionclientes.liverpool.com.mx/FaeSferaWeb/InicioLivW/inicio.action"
"Para solicitar la factura de un producto vendido por un proveedor externo da clic aqu√≠:https://www.liverpool.com.mx/tienda/users/invoiceRequest"
"Si requieres ayuda de un asesor escribe la palabra Apoyo"
"Te recordamos que nuestro horario de atenci√≥n personalizada es de 8 de la ma√±ana a 8:30 de la noche, te invitamos a comunicarte dentro de este horario y con gusto te atenderemos"
"Consulta nuestro aviso de privacidad en: https://bit.ly/2QRXmxE"
"¬°Felicidades! Se hacompletado tu registro. Participa durante el mes de Abril por un 5% de bonificaci√≥n sobre el total de tus compras. Consulta t√©rminos y condiciones en https://www.liverpool.com.mx/tienda/promotions ¬°Gracias por dejarnos ser parte de tu vida!"
"Tramitar tarjeta"
"Conocer saldo"
"Conocer pedido"
"Estatus de su pedido"
"¬øDeseas que te proporcione tu saldo por segmentos?"
"Saldo por segmentos"
"Con gusto. Por favor comp√°rteme tu n√∫mero de pedido a 10 d√≠gitos, en caso de que tu pedido sea de 8 d√≠gitos puedes poner 00 al principio, ejemplo 0012345678."
"fecha de entrega"
"Conocer su fecha de entrega"
"Conocer saldo tarjeta Liverpool"
"Conocer saldo tarjeta Suburbia"
"Horario de tienda 11:00am a 9:00pm"
"Horario de tienda venta nocturna 10:00am a 10:00pm"
"Estado de cuenta tarjeta Suburbia"
"Estado de cuenta tarjeta Liverpool"
"Pagar tarjeta Liverpool"
"Reposici√≥n de tarjeta"
"Te invitamos a registrarte a trav√©s de *Liverpool pocket* o en el portal de liverpool.com.mx en la secci√≥n de *Mi cr√©dito* 1Ô∏è‚É£ Seleciona la opci√≥n *pagar mi tarjeta* en la opci√≥n de *Mi Cr√©dito* 2Ô∏è‚É£Selecciona *pago con SPEI* 3Ô∏è‚É£Sigue las instrucciones y usa *la banca digital para pagar* ¬øNecesitas que te ayude en algo m√°s?"
"Aplica solo en BBVA, Citibanamex, HSBC, Banorte, Inbursa, CIBanco y Banca Mifel:1Ô∏è‚É£ Ingresa a tu *portal bancario* y selecciona *pagar servicios* 2Ô∏è‚É£ Agrega un nuevo servicio y *elige Liverpool* 3Ô∏è‚É£ En referencia coloca los 16 d√≠gitos de tu tarjeta e ingresa el importe a pagar ¬øNecesitas que te ayude en algo m√°s?"
"Por favor ind√≠came la fecha del cargo que no reconoces en el siguiente formato: *dd-mm-aaaa*"
"Comp√°rteme el nombre completo del titular de la tarjeta"
"¬øCu√°nto es el monto del cargo no reconocido?"
"La venta nocturan es del 27 al 30 de abril de 2023"
"Puedes hacer una comprar a trav√©s de Liverpool.com.mx o en nuestra app Liverpool Pocket"
"Para conocer el precio de un articulo visita Liverpool.com.mx o en nuestra app Liverpool Pocket"
"Para conocer el valor de un articulo visita Liverpool.com.mx o en nuestra app Liverpool Pocket"
"Para conocer el valor de un articulo visita Liverpool.com.mx o en nuestra app Liverpool Pocket"
"Para hacer una compra visita Liverpool.com.mx o en nuestra app Liverpool Pocket"
"A sido un gusto atenderte"
"A sido un placer atenderte"
"Buena tardes ¬øc√≥mo puedo apoyarte hoy?"
"Buen d√≠a ¬øc√≥mo puedo apoyarte hoy?"
"Buena noche ¬øc√≥mo puedo apoyarte hoy?"
"Manejamos estos servicios post venta Instalaci√≥n, Garant√≠a y reparaci√≥n"
"Para hacer valida tu garant√≠a comunicate al 55-55555555"